adolfo.carlos@abcempresa.com,DBA
aguinaldo.balsemao@abcempresa.com,RedesAdmin
alda.lage@abcempresa.com,CloudAdmin
amelia.penteado@abcempresa.com,LinuxAdmin
anacleto.abrantes@abcempresa.com,DBA
angelino.marinho@abcempresa.com,DBA
arachane.dinis@abcempresa.com,DBA
armando.pirassununga@abcempresa.com,DBA
astolfo.cerveira@abcempresa.com,DBA
augusta.gusmao@abcempresa.com,DBA
boaventura.trindade@abcempresa.com,DBA
bras.vides@abcempresa.com,DBA
bruna.muniz@abcempresa.com,DBA
capitolina.garrido@abcempresa.com,DBA
carina.salles@abcempresa.com,DBA
caua.setubal@abcempresa.com,DBA
celeste.moreira@abcempresa.com,DBA
celso.torres@abcempresa.com,DBA
cesar.matos@abcempresa.com,LinuxAdmin
cleiton.frois@abcempresa.com,DBA
cristiana.dornelles@abcempresa.com,DBA
debora.ferreyra@abcempresa.com,LinuxAdmin
deolindo.ourique@abcempresa.com,LinuxAdmin
diamantino.raposo@abcempresa.com,LinuxAdmin
donato.gama@abcempresa.com,LinuxAdmin
doroteia.robalo@abcempresa.com,LinuxAdmin
egas.malta@abcempresa.com,LinuxAdmin
emiliana.bicudo@abcempresa.com,LinuxAdmin
esperanca.carrasco@abcempresa.com,LinuxAdmin
eudes.bogado@abcempresa.com,LinuxAdmin
fausto.doutel@abcempresa.com,LinuxAdmin
filipa.holanda@abcempresa.com,LinuxAdmin
filipe.henriques@abcempresa.com,LinuxAdmin
gil.pinhal@abcempresa.com,LinuxAdmin
gilda.maior@abcempresa.com,LinuxAdmin
giovana.carballo@abcempresa.com,LinuxAdmin
glauber.feijo@abcempresa.com,LinuxAdmin
glaucia.pitangui@abcempresa.com,LinuxAdmin
godofredo.carvalhal@abcempresa.com,LinuxAdmin
goncalo.balladares@abcempresa.com,LinuxAdmin
graciano.vianna@abcempresa.com,LinuxAdmin
gui.maior@abcempresa.com,LinuxAdmin
guterre.milheiro@abcempresa.com,LinuxAdmin
guterre.pastana@abcempresa.com,LinuxAdmin
hedviges.velasquez@abcempresa.com,LinuxAdmin
helena.acatauacu@abcempresa.com,LinuxAdmin
hermigio.rosa@abcempresa.com,LinuxAdmin
ibijara.capiperibe@abcempresa.com,RedesAdmin
ifigenia.homem@abcempresa.com,RedesAdmin
iracema.bento@abcempresa.com,RedesAdmin
jandaira.escobar@abcempresa.com,RedesAdmin
jeremias.paula@abcempresa.com,RedesAdmin
lavinia.delgado@abcempresa.com,RedesAdmin
ligia.palhares@abcempresa.com,RedesAdmin
lino.belmonte@abcempresa.com,RedesAdmin
lopo.camacho@abcempresa.com,RedesAdmin
luisa.ramirez@abcempresa.com,RedesAdmin
mario.briao@abcempresa.com,RedesAdmin
melissa.queiroz@abcempresa.com,RedesAdmin
mem.regueira@abcempresa.com,RedesAdmin
morgana.valgueiro@abcempresa.com,RedesAdmin
natalia.terra@abcempresa.com,RedesAdmin
nazare.verissimo@abcempresa.com,RedesAdmin
noe.betancour@abcempresa.com,RedesAdmin
noemia.sarmento@abcempresa.com,RedesAdmin
olavo.borges@abcempresa.com,RedesAdmin
oliveira.sobral@abcempresa.com,RedesAdmin
oriana.viveiros@abcempresa.com,RedesAdmin
paraguacu.ipanema@abcempresa.com,RedesAdmin
placido.medeiros@abcempresa.com,RedesAdmin
porfirio.azenha@abcempresa.com,RedesAdmin
potira.ferraco@abcempresa.com,RedesAdmin
quiteria.xavier@abcempresa.com,RedesAdmin
raquel.paredes@abcempresa.com,Estagiarios
ruca.conde@abcempresa.com,Estagiarios
salvador.vasquez@abcempresa.com,Estagiarios
sancha.pino@abcempresa.com,Estagiarios
sandro.alvarenga@abcempresa.com,Estagiarios
sebastiana.peres@abcempresa.com,Estagiarios
sebastiao.vasconcelos@abcempresa.com,Estagiarios
severino.martins@abcempresa.com,Estagiarios
sidonio.ramirez@abcempresa.com,Estagiarios
simone.velasco@abcempresa.com,Estagiarios
socorro.brum@abcempresa.com,Estagiarios
sofia.siqueira@abcempresa.com,Estagiarios
sonas.modesto@abcempresa.com,Estagiarios
sonia.telles@abcempresa.com,Estagiarios
teodorico.guilheiro@abcempresa.com,Estagiarios
tobias.piraja@abcempresa.com,Estagiarios
trajano.santanna@abcempresa.com,Estagiarios
ubajara.guerreiro@abcempresa.com,Estagiarios
vania.paredes@abcempresa.com,CloudAdmin
vera.andrade@abcempresa.com,Estagiarios
viriato.albernaz@abcempresa.com,Estagiarios
xenia.peres@abcempresa.com,CloudAdmin
zelia.ferrao@abcempresa.com,CloudAdmin
zidane.espargosa@abcempresa.com,CloudAdmin
zilda.pastana@abcempresa.com,CloudAdmin
zulmira.paixao@abcempresa.com,CloudAdmin
zuriel.losada@abcempresa.com,CloudAdmin
